Review Factor (Not Mutually Exclusive),Logistic Regression Score ,Significance
savings interest,0.435,not significant
user incentives,0.417,not significant
data privacy,0.452,significant
transaction flexibility,0.439,not significant
security features,0.491,significant
transaction approval,0.448,significant
transaction legitimacy,0.448,significant
customer service,0.455,significant
transaction speed,0.523,significant
user friendliness,0.594,significant
feature accessibility,0.499,significant
leniency,0.464,significant
loan interest,0.445,significant
registration,0.476,significant
loading speed,0.472,significant
transaction fees,0.446,significant
app installation,0.468,significant
maintenance,0.454,significant
ads,0.441,significant